company,location,industry,total_laid_off,percentage_laid_off,date,stage,country,funds_raised
Included Health,SF Bay Area,Healthcare,,0.06,2022-07-25,Series E,United States,272
10X Genomics,SF Bay Area,Healthcare,100,0.08,2022-08-04,Post-IPO,United States,242
1stdibs,New York City,Retail,70,0.17,2020-04-02,Series D,United States,253
2U,Washington D.C.,Education,,0.2,2022-07-28,Post-IPO,United States,426
54gene,Washington D.C.,Healthcare,95,0.3,2022-08-29,Series B,United States,44
6sense,SF Bay Area,Sales,150,0.1,2022-10-12,Series E,United States,426
80 Acres Farms,Cincinnati,Food,,0.1,2023-01-18,Unknown,United States,275
8x8,SF Bay Area,Support,200,0.09,2022-10-04,Post-IPO,United States,253
98point6,Seattle,Healthcare,,0.1,2022-07-21,Series E,United States,247
Abra,SF Bay Area,Crypto,12,0.05,2022-06-30,Series C,United States,106
ActiveCampaign,Chicago,Marketing,,0.15,2022-10-03,Series C,United States,360
Adaptive Biotechnologies,Seattle,Healthcare,100,0.12,2022-03-08,Post-IPO,United States,406
Addepar,SF Bay Area,Finance,20,0.03,2023-01-18,Series F,United States,491
AdRoll,Salt Lake City,Marketing,210,0.3,2020-03-31,Series C,United States,89
Advata,Seattle,Healthcare,32,0.21,2022-10-28,,United States,
AEye,SF Bay Area,Transportation,46,0.33,2023-03-28,Post-IPO,United States,314
Affirm,SF Bay Area,Finance,500,0.19,2023-02-08,Post-IPO,United States,1500
Ahead,SF Bay Area,Healthcare,44,1,2022-04-14,Unknown,United States,9
Air,New York City,Marketing,,0.16,2020-09-16,Series A,United States,18
Airbnb,SF Bay Area,Travel,1900,0.25,2020-05-05,Private Equity,United States,5400
Airtable,SF Bay Area,Product,254,0.2,2022-12-08,Series F,United States,1400
Airtime,New York City,Consumer,30,0.2,2022-05-23,Series B,United States,33
Akili Labs,Baltimore,Healthcare,46,0.3,2023-01-12,Seed,United States,
Albert,Los Angeles,Finance,20,0.08,2022-06-10,Series C,United States,175
Alto Pharmacy,SF Bay Area,Healthcare,47,0.06,2020-09-29,Series D,United States,356
Amazon,Seattle,Retail,10000,0.03,2022-11-16,Post-IPO,United States,108
Amdocs,St. Louis,Support,700,0.03,2023-01-02,Post-IPO,United States,
American Robotics,Boston,Other,50,0.65,2023-01-17,Acquired,United States,92
Amount,Chicago,Finance,130,0.25,2023-02-27,Unknown,United States,283
Amperity,Seattle,Marketing,13,0.03,2022-08-20,Series D,United States,187
Amplero,Seattle,Marketing,17,1,2020-03-29,Series B,United States,25
Amplitude,SF Bay Area,Data,99,0.13,2023-04-05,Post-IPO,United States,311
Anchorage Digital,SF Bay Area,Crypto,75,0.2,2023-03-14,Series D,United States,487
Andela,New York City,Recruiting,135,0.1,2020-05-05,Series D,United States,181
Anodot,Tel Aviv,Data,35,0.27,2022-07-06,Series C,United States,64
AnswerLab,SF Bay Area,Marketing,,0.17,2023-03-30,Unknown,United States,
Apartment List,SF Bay Area,Real Estate,29,0.1,2022-08-31,Series D,United States,169
Apollo,SF Bay Area,Product,,0.15,2022-12-15,Series D,United States,183
App Annie,SF Bay Area,Data,80,0.18,2020-04-28,Unknown,United States,156
Appcues,Boston,Data,,0.15,2023-03-08,Series B,United States,52
Appgate,Miami,Security,34,0.08,2023-02-01,Post-IPO,United States,
AppGate,Miami,Security,130,0.22,2022-07-21,Post-IPO,United States,
AppLovin,SF Bay Area,Marketing,300,0.12,2022-06-27,Post-IPO,United States,1600
Aqua Security,Boston,Security,65,0.1,2022-12-05,Series E,United States,265
Arch Oncology,Brisbane,Healthcare,,1,2023-01-13,Series C,United States,155
Argo AI,Pittsburgh,Transportation,150,0.05,2022-07-07,Unknown,United States,3600
Argyle,New York City,Finance,20,0.07,2022-08-26,Series B,United States,78
Armis,SF Bay Area,Security,25,0.04,2022-12-08,Private Equity,United States,537
Arrive Logistics,Austin,Logistics,75,0.07,2020-04-03,Series B,United States,35
Asana,SF Bay Area,Other,180,0.09,2022-11-15,Post-IPO,United States,453
Assure,Salt Lake City,Finance,,1,2022-11-23,Seed,United States,2
Astra,SF Bay Area,Aerospace,40,0.25,2020-04-05,Unknown,United States,100
Astronomer,Cincinnati,Data,76,0.2,2023-01-04,Series C,United States,282
Atlanta Tech Village,Atlanta,Real Estate,,0.5,2020-04-02,Unknown,United States,
AtoB,SF Bay Area,Finance,32,0.3,2022-10-19,Series B,United States,177
Atsu,Seattle,Infrastructure,6,1,2020-04-10,Unknown,United States,1
Attentive,New York City,Marketing,,0.15,2023-01-05,Series E,United States,863
Augury,New York City,Manufacturing,20,0.05,2023-01-04,Series E,United States,274
Aura,Boston,Security,70,0.09,2022-06-23,Series F,United States,500
Aura Financial,SF Bay Area,Finance,,1,2021-01-11,Unknown,United States,584
Autodesk,SF Bay Area,Other,250,0.02,2023-02-02,Post-IPO,United States,
Automatic,SF Bay Area,Transportation,,1,2020-05-01,Acquired,United States,24
Automation Anywhere,SF Bay Area,Other,260,0.1,2020-04-27,Series B,United States,840
Automox,Boulder,Infrastructure,,0.11,2022-04-18,Series C,United States,152
Avantage Entertainment,Minneapolis,Media,5,0.2,2020-04-03,Unknown,United States,
AvantStay,Los Angeles,Travel,144,0.22,2022-11-09,Private Equity,United States,686
Avast,Phoenix,Security,,0.25,2022-11-10,Unknown,United States,
Away,New York City,Retail,60,0.1,2020-04-07,Series D,United States,181
Aya,Toronto,Finance,5,0.25,2020-11-19,Seed,United States,3
B8ta,SF Bay Area,Retail,250,0.5,2020-03-26,Series C,United States,88
Bakkt,Atlanta,Crypto,,0.15,2022-12-08,Post-IPO,United States,932
Bally's Interactive,Providence,,,0.15,2023-01-18,Post-IPO,United States,946
Bark,New York City,Retail,126,0.12,2023-02-09,Post-IPO,United States,
Baton,SF Bay Area,Transportation,16,0.25,2022-06-29,Series A,United States,13
Beam Benefits,Columbus,Healthcare,31,0.08,2023-02-08,Series E,United States,168
Beamery,London,HR,,0.12,2023-01-10,Series D,United States,223
Benitago Group,New York City,Retail,,0.14,2022-11-04,Series A,United States,380
Berkeley Lights,SF Bay Area,Healthcare,,0.12,2022-08-09,Post-IPO,United States,272
Bestow,Dallas,Finance,41,0.14,2022-06-24,Series C,United States,137
Better Therapeutics,SF Bay Area,Healthcare,,0.35,2023-03-27,Post-IPO,United States,143
Better.com,New York City,Real Estate,3000,0.33,2022-03-08,Unknown,United States,905
Better.com,New York City,Real Estate,900,0.09,2021-12-01,Unknown,United States,905
Bevi,Boston,Food,30,0.2,2020-03-27,Series C,United States,60
Beyond Meat,Los Angeles,Food,200,0.19,2022-10-14,Post-IPO,United States,122
BigBear.ai,Baltimore,Data,,0.07,2022-09-08,Post-IPO,United States,200
BigCommerce,Austin,Retail,180,0.13,2022-12-15,Post-IPO,United States,224
BioMarin,SF Bay Area,Healthcare,120,0.04,2022-10-07,Post-IPO,United States,585
Bird,Los Angeles,Transportation,138,0.23,2022-06-07,Post-IPO,United States,783
Bird,Los Angeles,Transportation,406,0.3,2020-03-27,Series D,United States,623
Bitfront,SF Bay Area,Crypto,,1,2022-11-29,Unknown,United States,
BitGo,SF Bay Area,Crypto,,0.12,2020-04-17,Series B,United States,69
BitTitan,Seattle,Data,70,0.27,2021-11-18,Acquired,United States,46
Bizzabo,New York City,Marketing,100,0.37,2022-12-01,Series E,United States,194
Bizzabo,New York City,Marketing,120,0.3,2022-07-05,Series E,United States,194
Blackbaud,Charleston,Other,500,0.14,,Post-IPO,United States,
BlackLine,Los Angeles,Finance,95,0.05,2022-12-08,Private Equity,United States,220
Blend,SF Bay Area,Finance,340,0.28,2023-01-10,Post-IPO,United States,665
Blend,SF Bay Area,Finance,100,0.06,2022-11-10,Post-IPO,United States,665
Blend,SF Bay Area,Finance,220,0.12,2022-08-15,Post-IPO,United States,665
Blend,SF Bay Area,Finance,200,0.1,2022-04-19,Post-IPO,United States,665
BlockFi,New York City,Crypto,,1,2022-11-28,Series E,United States,1000
BlockFi,New York City,Crypto,250,0.2,2022-06-13,Series E,United States,1000
BloomTech,SF Bay Area,Education,88,0.5,2022-12-01,Unknown,United States,
Blue Apron,New York City,Food,,0.1,2022-12-08,Post-IPO,United States,352
Blueground,New York City,Real Estate,130,0.25,2020-03-27,Series B,United States,77
Blume Global,SF Bay Area,Logistics,30,0.1,2020-03-30,Unknown,United States,
Bluprint,Denver,Education,137,1,2020-05-26,Acquired,United States,108
BM Technologies,Philadelphia,Finance,,0.25,2023-01-30,Post-IPO,United States,
Bolt,SF Bay Area,Finance,50,0.1,2023-01-24,Series E,United States,1300
Bolt,SF Bay Area,Finance,240,0.27,2022-05-25,Series E,United States,1300
Bonterra,Austin,Other,140,0.1,2023-01-13,Unknown,United States,
BookClub,Salt Lake City,Education,12,0.25,2022-05-31,Series A,United States,26
Boost,New York City,Finance,15,0.2,2023-04-04,Series B,United States,37
Boosted Commerce,Los Angeles,Retail,,0.05,2022-07-22,Series B,United States,137
Bossa Nova,SF Bay Area,Retail,,0.5,2020-11-02,Unknown,United States,101.6
BounceX,New York City,Marketing,77,0.2,2020-04-06,Series B,United States,75
Boxed,New York City,Retail,32,0.25,2023-03-15,Post-IPO,United States,365
Branch,New York City,Retail,3,0.27,2020-06-11,Seed,United States,2
Branch Metrics,SF Bay Area,Marketing,100,0.2,2020-04-07,Series E,United States,367
Brave Care,Portland,Healthcare,40,0.33,2022-09-06,Series B,United States,42
Brex,SF Bay Area,Finance,136,0.11,2022-10-11,Series D,United States,1500
Brex,SF Bay Area,Finance,62,0.15,2020-05-29,Series C,United States,732
Bridge Connector,Nashville,Healthcare,154,1,2020-11-17,Series B,United States,45
Brightline,SF Bay Area,Healthcare,,0.2,2022-11-01,Series C,United States,212
Builder,Los Angeles,Product,39,0.14,2020-06-04,Series A,United States,29
Built In,Chicago,Recruiting,50,0.25,2022-10-05,Series C,United States,29
Bustle Digital Group,New York City,Media,,0.08,2023-02-01,Series E,United States,80
Bustle Digital Group,New York City,Media,24,0.08,2020-04-03,Series E,United States,80
Butler Hospitality,New York City,Food,1000,1,2022-07-08,Series B,United States,50
Butterfly Network,Boston,Healthcare,,0.25,2023-01-04,Post-IPO,United States,530
Butterfly Network,New Haven,Healthcare,,0.1,2022-08-02,Post-IPO,United States,530
Button,New York City,Marketing,48,0.35,2020-04-08,Series C,United States,64
Buy.com / Rakuten,SF Bay Area,Retail,87,1,2020-07-30,Acquired,United States,42.4
Buzzer,New York City,Media,,0.2,2022-06-20,Unknown,United States,32
BuzzFeed,New York City,Media,180,0.12,2022-12-06,Post-IPO,United States,696
BVAccel,San Diego,Marketing,25,0.25,2020-04-08,Unknown,United States,
C2FO,Kansas City,Finance,20,0.02,2022-12-09,Series H,United States,537
Cabin,SF Bay Area,Travel,,0.2,2020-03-23,Seed,United States,3
Cadre,New York City,Real Estate,28,0.25,2020-05-11,Series C,United States,133
Calibrate,New York City,Healthcare,,0.18,2023-04-14,Series B,United States,127
Calibrate,New York City,Healthcare,156,0.24,2022-07-08,Series B,United States,127
Callisto Media,SF Bay Area,Media,,0.35,2022-10-25,Series D,United States,
Callisto Media,SF Bay Area,Media,140,0.35,2022-07-21,Series D,United States,
Calm,SF Bay Area,Healthcare,90,0.2,2022-08-11,Series C,United States,218
Cameo,Chicago,Consumer,87,0.25,2022-05-04,Unknown,United States,165
Candy Digital,New York City,Crypto,33,0.33,2022-11-28,Series A,United States,100
Canoo,Los Angeles,Transportation,58,0.06,2022-07-01,Post-IPO,United States,300
Capitolis,New York City,Finance,,0.25,2022-11-18,Series D,United States,281
Capitolis,New York City,Finance,37,0.25,2022-11-17,Series D,United States,281
Capsule,New York City,Healthcare,,0.13,2022-07-19,Series D,United States,570
CaptivateIQ,SF Bay Area,Sales,31,0.1,2022-11-15,Series C,United States,164
Carbon Health,SF Bay Area,Healthcare,250,0.08,2022-06-02,Series D,United States,522
Career Karma,SF Bay Area,Education,60,0.33,2022-07-28,Series B,United States,51
CarGurus,Boston,Transportation,130,0.13,2020-04-16,Post-IPO,United States,1
Carta,SF Bay Area,HR,,0.1,2023-01-11,Series G,United States,1100
Carta,SF Bay Area,Finance,161,0.16,2020-04-15,Series E,United States,447
Carvana,Phoenix,Transportation,1500,0.08,2022-11-18,Post-IPO,United States,1600
Carvana,Phoenix,Transportation,2500,0.12,2022-05-10,Post-IPO,United States,1600
Casper,New York City,Retail,78,0.21,2020-04-21,Post-IPO,United States,339
Castlight Health,SF Bay Area,Healthcare,,0.13,2020-05-04,Post-IPO,United States,184
Catch,New York City,Finance,,1,2023-03-07,Series A,United States,18
Cedar,New York City,Healthcare,,0.24,2022-07-07,Series D,United States,351
Celsius,New York City,Crypto,150,0.25,2022-07-03,Series B,United States,864
Cerebral,SF Bay Area,Healthcare,285,0.15,2023-02-27,Series C,United States,462
Cerebral,SF Bay Area,Healthcare,400,0.2,2022-10-24,Series C,United States,462
Chainalysis,New York City,Crypto,44,0.05,2023-02-01,Series F,United States,536
Change.org,SF Bay Area,Other,,0.19,2022-07-28,Series D,United States,72
Chargebee,SF Bay Area,Finance,142,0.1,2022-11-02,Series H,United States,468
Checkr,SF Bay Area,HR,64,0.12,2020-07-23,Series D,United States,309
Chime,SF Bay Area,Finance,156,0.12,2022-11-02,Series G,United States,2300
Chipper Cash,SF Bay Area,Finance,100,0.33,2023-02-17,Series C,United States,302
Chipper Cash,SF Bay Area,Finance,50,0.125,2022-12-06,Series C,United States,302
ChowNow,Los Angeles,Food,40,0.1,2022-12-14,Series C,United States,64
ChowNow,Los Angeles,Food,100,0.2,2022-07-13,Series C,United States,64
CircleCI,SF Bay Area,Product,,0.17,2022-12-07,Series F,United States,315
Circulo Health,Columbus,Healthcare,,0.5,2022-06-16,Series A,United States,50
Cisco,SF Bay Area,Infrastructure,4100,0.05,2022-11-16,Post-IPO,United States,2
Citrine Informatics,SF Bay Area,Data,22,0.27,2023-01-20,Series C,United States,64
Citrix,Miami,Infrastructure,,0.15,2023-01-10,Acquired,United States,20
Clarify Health,SF Bay Area,Healthcare,15,0.05,2022-07-22,Series D,United States,328
ClassPass,New York City,Fitness,154,0.22,2020-04-02,Series E,United States,549
Clear Capital,Reno,Real Estate,250,0.25,2023-01-25,Unknown,United States,
Clear Capital,Reno,Real Estate,378,0.27,2022-10-14,Unknown,United States,
ClickUp,San Diego,Other,60,0.07,2022-05-23,Series C,United States,537
Clinc,Ann Arbor,Support,40,0.32,2020-04-09,Series B,United States,59
Cloudinary,SF Bay Area,Media,40,0.08,2022-11-14,Unknown,United States,100
Clutter,Los Angeles,Consumer,,0.3,2020-03-25,Series D,United States,296
CNET,SF Bay Area,Media,12,0.1,2023-03-02,Acquired,United States,20
Code42,Minneapolis,Security,,0.15,2022-11-07,Unknown,United States,137
Code42,Minneapolis,Data,25,0.05,2020-04-09,Series B,United States,137.5
Codexis,SF Bay Area,Healthcare,,0.18,2022-11-29,Post-IPO,United States,162
Coding Dojo,Seattle,Education,7,0.07,2020-04-02,Unknown,United States,2
Cogito,Boston,Support,24,0.14,2020-04-06,Series C,United States,92
Coinbase,SF Bay Area,Crypto,950,0.2,2023-01-10,Post-IPO,United States,549
Coinbase,SF Bay Area,Crypto,1100,0.18,2022-06-14,Post-IPO,United States,549
Collage.com,Detroit,Retail,,1,2022-10-09,Acquired,United States,
CommerceHub,Albany,Retail,371,0.31,2023-02-14,Acquired,United States,
CommonBond,New York City,Finance,,1,2022-09-09,Series D,United States,125
Community,Los Angeles,Marketing,40,0.3,2022-06-21,Unknown,United States,40
Community Gaming,New York City,Crypto,17,0.17,2023-04-14,Series A,United States,18
Compass,New York City,Real Estate,450,0.1,2022-06-14,Post-IPO,United States,1600
Compass,New York City,Real Estate,375,0.15,2020-03-23,Series G,United States,1600
Confluent,SF Bay Area,Data,221,0.08,2023-01-26,Post-IPO,United States,455
Conga,Denver,Data,,0.11,2020-06-15,Acquired,United States,117
ConsenSys,New York City,Crypto,100,0.11,2023-01-10,Series D,United States,726
ConsenSys,New York City,Crypto,91,0.14,2020-04-20,Unknown,United States,10
Consider.co,SF Bay Area,Other,13,1,2020-03-26,Seed,United States,5
ContraFect,New York City,Healthcare,16,0.37,2022-08-15,Post-IPO,United States,380
Convene,New York City,Real Estate,150,0.18,2020-03-23,Series D,United States,280
Convoy,Seattle,Logistics,90,0.07,2022-06-09,Series E,United States,1100
Convoy,Seattle,Logistics,,0.01,2020-04-23,Series D,United States,665
Core Scientific,Austin,Crypto,,0.1,2022-08-12,Post-IPO,United States,169
Corvus Insurance,Boston,Finance,,0.14,2023-01-24,Series C,United States,160
Coterie Insurance,Cincinnati,Finance,30,0.2,2022-05-25,Series B,United States,70
Course Hero,SF Bay Area,Education,42,0.15,2023-03-16,Series C,United States,477
Crayon,Boston,Marketing,20,0.2,2020-04-01,Series A,United States,16
Credit Sesame,SF Bay Area,Finance,22,0.14,2020-06-03,Series F,United States,120
CrowdStreet,Portland,Real Estate,24,0.22,2020-06-01,Series C,United States,24
Cruise,SF Bay Area,Transportation,150,0.08,2020-05-14,Acquired,United States,5300
Crypto.com,Singapore,Crypto,,0.2,2023-01-12,Unknown,United States,
CS Disco,Austin,Legal,62,0.09,2023-01-19,Post-IPO,United States,233
Cvent,Washington D.C.,Marketing,400,0.1,2020-05-21,Acquired,United States,146
Cybereason,Boston,Security,200,0.17,2022-10-26,Series F,United States,750
Cybereason,Boston,Security,100,0.06,2022-06-01,Series F,United States,750
CyCognito,SF Bay Area,Security,30,0.15,2022-12-08,Series C,United States,153
Cyteir Therapeutics,Boston,Healthcare,,0.7,2023-01-20,Series C,United States,156
D2iQ,SF Bay Area,Infrastructure,34,0.13,2020-04-03,Series D,United States,247
Daily Harvest,New York City,Food,,0.15,2022-08-08,Series D,United States,120
Daily Harvest,New York City,Food,60,0.2,2022-02-10,Series D,United States,120
DailyPay,New York City,Finance,,0.15,2022-08-09,Unknown,United States,814
Dapper Labs,Vancouver,Crypto,,0.2,2023-02-23,Series D,United States,607
Dapper Labs,Vancouver,Crypto,134,0.22,2022-11-02,Series D,United States,607
Dark,SF Bay Area,Product,6,1,2020-06-23,Seed,United States,3
DataRobot,Boston,Data,,0.26,2022-08-23,Series G,United States,1000
DataRobot,Boston,Data,70,0.07,2022-05-11,Series G,United States,1000
Datera,SF Bay Area,Infrastructure,,0.1,2020-05-18,Series C,United States,63
Deep Instinct,New York City,Security,,0.1,2022-06-06,Series D,United States,259
Definitive Healthcare,Boston,Healthcare,55,0.06,2023-01-12,Post-IPO,United States,
Degreed,SF Bay Area,Education,,0.15,2022-06-29,Series D,United States,411
Deliv,SF Bay Area,Retail,669,1,2020-05-13,Series C,United States,80
Dell,Austin,Hardware,6650,0.05,2023-02-06,Post-IPO,United States,
Demandbase,SF Bay Area,Sales,27,0.03,2022-09-07,Series H,United States,143
Descartes Labs,Santa Fe,Data,12,0.16,2020-06-02,Series B,United States,58
Desktop Metal,Boston,Other,,0.12,2022-06-13,Post-IPO,United States,811
Devo,Boston,Security,,0.15,2022-11-21,Series F,United States,481
DialSource,Sacramento,Marketing,5,0.14,2020-03-31,Series B,United States,26
Digital Currency Gruop,Stamford,Crypto,10,0.13,2022-11-02,Unknown,United States,
DigitalOcean,New York City,Infrastructure,200,0.11,2023-02-15,Post-IPO,United States,491
Dispatch,Boston,Other,,0.38,2020-04-17,Series A,United States,18
Divergent 3D,Los Angeles,Transportation,57,0.36,2020-04-24,Series B,United States,88
Divvy Homes,SF Bay Area,Real Estate,40,0.12,2022-09-27,Series B,United States,180
Divvy Homes,SF Bay Area,Real Estate,,0.08,2020-03-25,Series B,United States,180
DocuSign,SF Bay Area,Sales,680,0.1,2023-02-16,Post-IPO,United States,536
DocuSign,SF Bay Area,Sales,671,0.09,2022-09-28,Post-IPO,United States,536
Doma,SF Bay Area,Finance,515,0.4,2022-12-06,Post-IPO,United States,679
Doma,SF Bay Area,Finance,250,0.13,2022-08-04,Post-IPO,United States,679
Doma,SF Bay Area,Finance,310,0.15,2022-05-10,Post-IPO,United States,679
Domestika,SF Bay Area,Education,150,0.19,2022-04-28,Series D,United States,130
Domino Data Lab,SF Bay Area,Data,,0.25,2022-11-07,Series F,United States,223
Domio,New York City,Real Estate,,0.5,2020-11-18,Series B,United States,116
Domio,New York City,Travel,,0.3,2020-03-31,Series B,United States,116
Domo,Salt Lake City,Data,90,0.1,2020-04-09,Post-IPO,United States,689
DoorDash,SF Bay Area,Food,1250,0.06,2022-11-30,Post-IPO,United States,2500
Dover,SF Bay Area,Recruiting,23,0.3,2022-07-26,Series A,United States,22
DraftKings,Boston,Consumer,140,0.04,2023-02-01,Post-IPO,United States,719
Drip Capital,SF Bay Area,Finance,75,0.2,2023-04-14,Series C,United States,85
DriveWealth,Jersey City,Finance,,0.2,2023-01-26,Series D,United States,550
Dropbox,SF Bay Area,Other,315,0.15,2021-01-13,Post-IPO,United States,1700
Dude Solutions,Raleigh,Other,,0.2,2020-04-15,Acquired,United States,100
Dutchie,Bend,Other,50,0.07,2022-06-06,Series D,United States,603
Dynamic Signal,SF Bay Area,HR,35,0.19,2020-04-02,Series E,United States,114
Earnin,SF Bay Area,Finance,50,0.2,2020-04-01,Series C,United States,190
Earth Rides,Nashville,Transportation,,1,2023-01-19,Unknown,United States,2
EasyPost,SF Bay Area,Logistics,50,0.25,2020-04-13,Series A,United States,12
eBay,SF Bay Area,Retail,500,0.04,2023-02-07,Post-IPO,United States,1200
Eden / Managed By Q,New York City,Real Estate,40,0.4,2020-04-08,Series B,United States,40
Edgio,Phoenix,Infrastructure,95,0.1,2022-12-13,Post-IPO,United States,462
Editas Medicine,Boston,Healthcare,,0.2,2023-01-09,Post-IPO,United States,656
Edmodo,SF Bay Area,Education,,1,2022-08-16,Acquired,United States,77
Eight Sleep,New York City,Retail,,0.2,2020-03-23,Series C,United States,70
Eightfold AI,SF Bay Area,HR,90,0.15,2023-02-03,Series E,United States,396
Ejento,SF Bay Area,Recruiting,84,1,2020-03-19,Unknown,United States,
Elastic,SF Bay Area,Data,,0.13,2022-11-30,Post-IPO,United States,162
Electric,New York City,Other,141,0.25,2023-02-13,Series D,United States,212
Electronic Arts,SF Bay Area,Consumer,780,0.06,2023-03-29,Post-IPO,United States,2
Embark Trucks,SF Bay Area,Transportation,230,0.7,2023-03-03,Post-IPO,United States,317
Embroker,SF Bay Area,Finance,30,0.12,2022-10-25,Series C,United States,142
Emotive,Los Angeles,Marketing,30,0.18,2022-07-07,Series B,United States,78
EMX Digital,New York City,Marketing,100,1,2023-02-13,Unknown,United States,
Engine eCommerce,Fayetteville,Retail,,1,2020-06-28,Unknown,United States,4
Enjoy,SF Bay Area,Retail,400,0.18,2022-06-30,Post-IPO,United States,310
Envoy,SF Bay Area,HR,58,0.3,2020-04-14,Series B,United States,59
Equitybee,SF Bay Area,Finance,24,0.25,2023-02-08,Series B,United States,85
Equitybee,SF Bay Area,Finance,25,0.2,2022-10-31,Series B,United States,85
EquityZen,New York City,Finance,30,0.27,2022-10-31,Series B,United States,11
Ermetic,SF Bay Area,Security,30,0.17,2023-01-23,Series B,United States,97
Esper,Seattle,Other,,0.21,2023-01-10,Series A,United States,10
Esper,Seattle,Other,,0.12,2022-06-23,Series A,United States,10
Ethos Life,SF Bay Area,Finance,40,0.12,2022-06-24,Series D,United States,406
Ethos Life,SF Bay Area,Finance,18,0.14,2020-06-05,Series C,United States,106
Eucalyptus,Sydney,Healthcare,50,0.2,2022-07-22,Series C,United States,69
Eventbrite,SF Bay Area,Consumer,80,0.08,2023-02-28,Post-IPO,United States,557
Eventbrite,SF Bay Area,Consumer,500,0.45,2020-04-08,Post-IPO,United States,332
Everlane,SF Bay Area,Retail,30,0.17,2023-01-05,Unknown,United States,176
Exodus,Nebraska City,Crypto,59,0.22,2022-11-04,Unknown,United States,60
Exterro,Portland,Legal,24,0.03,2023-02-01,Private Equity,United States,100
ezCater,Boston,Food,400,0.44,2020-04-07,Series D,United States,319
F5,Seattle,Security,100,0.01,2022-10-21,Post-IPO,United States,
Fabric,New York City,Logistics,120,0.4,2022-07-13,Series C,United States,336
Faire,SF Bay Area,Retail,84,0.07,2022-10-18,Series G,United States,1700
Fandom,SF Bay Area,Media,,0.14,2020-04-30,Series E,United States,145
Fast,SF Bay Area,Finance,,1,2022-04-05,Series B,United States,124
Fate Therapeutics,San Diego,Healthcare,315,0.57,2023-01-09,Post-IPO,United States,1200
Faze Medicines,Boston,Healthcare,,1,2022-11-09,Series B,United States,81
Fetch,Madison,Retail,100,0.1,2023-03-14,Series E,United States,581
Fifth Season,Pittsburgh,Food,100,1,2022-10-28,Series B,United States,35
Finite State,Columbus,Security,16,0.2,2022-06-17,Series B,United States,49
Fipola,Chennai,Food,,1,2023-02-20,Series A,United States,9
Fireblocks,New York City,Crypto,30,0.05,2023-02-20,Series E,United States,1000
Firework,SF Bay Area,Retail,,0.1,2022-11-29,Series B,United States,269
Fivetran,SF Bay Area,Data,,0.05,2022-10-04,Series D,United States,
Flexport,SF Bay Area,Logistics,640,0.2,2023-01-11,Series E,United States,2400
Flipboard,SF Bay Area,Media,24,0.21,2022-10-16,Unknown,United States,235
Flockjay,SF Bay Area,Education,37,0.5,2021-08-24,Series A,United States,14
Flowhub,Denver,Retail,,0.15,2022-09-09,Unknown,United States,45
Flyhomes,Seattle,Real Estate,300,0.4,2022-11-09,Series C,United States,310
Flyhomes,Seattle,Real Estate,200,0.2,2022-07-20,Series C,United States,310
Flytedesk,Boulder,Marketing,4,0.2,2020-03-18,Seed,United States,4
Flywheel Sports,New York City,Fitness,784,0.98,2020-03-20,Acquired,United States,120
Flywire,Boston,Finance,60,0.12,2020-05-07,Series E,United States,263
Food52,New York City,Food,21,0.15,2022-06-03,Acquired,United States,176
Food52,New York City,Food,20,0.1,2022-04-08,Acquired,United States,176
Foodsby,Minneapolis,Food,87,0.67,2020-03-24,Series B,United States,20
ForeScout,SF Bay Area,Security,100,0.1,2023-01-10,Post-IPO,United States,125
Foresight Insurance,SF Bay Area,Finance,,0.4,2022-10-06,Series B,United States,58
Forto,Berlin,Logistics,60,0.08,2022-11-11,Series D,United States,593
Forward,SF Bay Area,Healthcare,,0.05,2022-07-11,Series D,United States,225
Forward,SF Bay Area,Healthcare,10,0.03,2020-04-20,Series C,United States,100
FourKites,Chicago,Logistics,60,0.08,2022-08-11,Series D,United States,201
Foxtrot,Chicago,Food,26,0.035,2022-09-23,Series C,United States,166
Frequency Therapeutics,Boston,Healthcare,,0.5,2023-02-01,Post-IPO,United States,76
Freshly,New York City,Food,,0.25,2022-07-18,Acquired,United States,107
Freshworks,SF Bay Area,Support,,0.02,2023-03-16,Post-IPO,United States,484
Freshworks,SF Bay Area,Support,90,0.02,2022-12-15,Post-IPO,United States,484
Frontdesk,Milwaukee,Travel,35,0.16,2020-04-10,Unknown,United States,3
FullStory,Atlanta,Marketing,,0.12,2022-09-13,Unknown,United States,197
Fundbox,SF Bay Area,Finance,150,0.42,2022-10-25,Series D,United States,553
Fundbox,SF Bay Area,Finance,14,0.15,2020-06-02,Series C,United States,453
G/O Media Group,New York City,Media,14,0.05,2020-04-03,Unknown,United States,
G2,Chicago,Marketing,17,0.05,2020-06-30,Series C,United States,100.8
Gather,SF Bay Area,Consumer,30,0.33,2022-06-02,Series B,United States,76
Gatherly,Atlanta,Marketing,,0.5,2022-07-31,,United States,
Gavelytics,Los Angeles,Legal,,1,2022-06-30,Seed,United States,5
Geekwire,Seattle,Media,5,0.31,2020-04-10,Unknown,United States,
Gem,SF Bay Area,Recruiting,100,0.33,2022-11-01,Series C,United States,148
Gemini,New York City,Crypto,,0.1,2023-01-23,Unknown,United States,423
Gemini,New York City,Crypto,68,0.07,2022-07-18,Unknown,United States,423
Gemini,New York City,Crypto,100,0.1,2022-06-02,Unknown,United States,423
Genesis,New York City,Crypto,60,0.3,2023-01-05,Series A,United States,
Genesis,New York City,Crypto,52,0.2,2022-08-17,Series A,United States,
Getaround,SF Bay Area,Transportation,,0.1,2023-02-02,Post-IPO,United States,948
Getaround,SF Bay Area,Transportation,100,0.25,2020-03-27,Series D,United States,403
GitHub,SF Bay Area,Product,,0.1,2023-02-09,Acquired,United States,350
GitLab,SF Bay Area,Product,130,0.07,2023-02-09,Post-IPO,United States,413
Glassdoor,SF Bay Area,HR,140,0.15,2023-03-22,Acquired,United States,204
Glassdoor,SF Bay Area,Recruiting,300,0.3,2020-05-07,Acquired,United States,204
Glitch,New York City,Product,18,0.36,2020-05-21,Series A,United States,30
GloriFi,Dallas,Finance,,1,2022-11-21,Unknown,United States,
Glossier,New York City,Retail,19,0.08,2022-08-02,Series E,United States,266
Glossier,New York City,Consumer,80,0.33,2022-01-26,Series E,United States,266
Glossier,New York City,Retail,150,0.38,2020-08-07,Series D,United States,186.4
GoDaddy,Phoenix,Marketing,530,0.08,2023-02-08,Post-IPO,United States,800
GoDaddy,Austin,Marketing,451,0.06,2020-06-24,Post-IPO,United States,
GoFundMe,SF Bay Area,Finance,94,0.12,2022-10-26,Series A,United States,
GoHealth,Chicago,Healthcare,800,0.2,2022-08-09,Post-IPO,United States,75
Gong,SF Bay Area,Sales,80,0.07,2023-02-08,Series E,United States,583
GoodRx,Los Angeles,Healthcare,140,0.16,2022-08-31,Post-IPO,United States,910
Google,SF Bay Area,Consumer,12000,0.06,2023-01-20,Post-IPO,United States,26
GoPro,SF Bay Area,Consumer,200,0.2,2020-04-15,Post-IPO,United States,288
Gopuff,Philadelphia,Food,100,0.02,2023-03-09,Series H,United States,3400
Gopuff,Philadelphia,Food,1500,0.1,2022-07-12,Series H,United States,3400
Gopuff,Philadelphia,Food,450,0.03,2022-03-29,Series H,United States,3400
GoSpotCheck,Denver,Retail,23,0.2,2020-03-26,Series B,United States,47
GrayMeta,Los Angeles,Data,20,0.4,2020-03-23,Unknown,United States,7
Greenhouse Software,New York City,Recruiting,120,0.28,2020-04-17,Series D,United States,110
Greenlight,Atlanta,Finance,104,0.21,2023-01-12,Series D,United States,556
Grin,Sacramento,Marketing,60,0.13,2022-11-30,Series B,United States,145
Group Nine Media,New York City,Media,50,0.07,2020-04-07,Unknown,United States,190
Groupon,Chicago,Retail,500,0.15,2022-08-08,Post-IPO,United States,1400
Groupon,Chicago,Retail,2800,0.44,2020-04-13,Post-IPO,United States,1400
Grove Collaborative,SF Bay Area,Retail,,0.17,2022-03-19,Series E,United States,474
Grover,Berlin,Retail,40,0.1,2022-12-07,Unknown,United States,2300
Guardant Health,SF Bay Area,Healthcare,130,0.07,2023-01-25,Post-IPO,United States,550
Guideline,SF Bay Area,Finance,48,0.11,2023-04-03,Series E,United States,339
Guidewire,SF Bay Area,Finance,,0.02,2022-08-11,Post-IPO,United States,24
GumGum,Los Angeles,Marketing,90,0.25,2020-04-20,Series D,United States,58
Gusto,SF Bay Area,HR,126,0.05,2023-02-08,Series E,United States,746
HackerEarth,SF Bay Area,HR,,0.08,2023-02-14,Series B,United States,11
Halcyon Health,New York City,Healthcare,,1,2022-04-15,Unknown,United States,2
Happy Money,Los Angeles,Finance,158,0.34,2022-11-30,Series D,United States,191
Haus,SF Bay Area,Food,,1,2022-08-09,Seed,United States,7
Headspace,Los Angeles,Healthcare,50,0.04,2022-12-14,Unknown,United States,215
Help.com,Austin,Support,16,1,2020-03-16,Seed,United States,6
Her Campus Media,Boston,Media,10,0.18,2020-06-10,Unknown,United States,
Heroes,London,Retail,24,0.2,2022-07-15,Unknown,United States,265
Highspot,Seattle,Sales,100,0.1,2023-02-02,Series F,United States,644
Hipcamp,SF Bay Area,Travel,,0.6,2020-04-20,Series B,United States,40.5
Hippo Insurance,SF Bay Area,Finance,70,0.1,2022-08-31,Post-IPO,United States,1300
Hireology,Chicago,Recruiting,36,0.17,2020-05-12,Series D,United States,52
Hologram,Chicago,Infrastructure,80,0.4,2022-06-09,Series B,United States,82
Homebot,Denver,Real Estate,18,0.13,2022-12-19,Acquired,United States,4
HomeLight,SF Bay Area,Real Estate,,0.19,2022-06-29,Series D,United States,743
Homeward,Austin,Real Estate,,0.25,2022-11-16,Unknown,United States,501
Homie,Salt Lake City,Real Estate,119,0.29,2022-02-14,Series B,United States,35
Hopin,London,Other,138,0.12,2022-02-10,Series D,United States,1000
HopSkipDrive,Los Angeles,Transportation,8,0.1,2020-03-13,Unknown,United States,45
Houzz,SF Bay Area,Consumer,95,0.08,2022-12-07,Series E,United States,613
Houzz,SF Bay Area,Consumer,155,0.1,2020-04-21,Series E,United States,613
HubHaus,SF Bay Area,Real Estate,,1,2020-09-11,Series A,United States,13.4
Hubilo,SF Bay Area,Other,115,0.35,2023-01-19,Series B,United States,153
HubSpot,Boston,Marketing,500,0.07,2023-01-31,Post-IPO,United States,100
Hydrow,Boston,Fitness,,0.35,2022-07-18,Series D,United States,269
Hyland Software,Cleveland,Other,1000,0.2,2023-04-03,Acquired,United States,
Hyperscience,New York City,Data,100,0.25,2022-03-03,Series E,United States,289
IBM,New York City,Hardware,3900,0.02,2023-01-25,Post-IPO,United States,
Ibotta,Denver,Retail,87,0.15,2020-04-07,Series D,United States,85
iCAD,Nashua,Healthcare,23,0.28,2023-03-29,Post-IPO,United States,59
iFit,Logan,Fitness,300,0.2,2022-11-14,Private Equity,United States,200
Ignite,SF Bay Area,Crypto,,0.5,2022-07-11,Series A,United States,9
Ike,SF Bay Area,Transportation,10,0.14,2020-04-22,Series A,United States,52
Illumina,San Diego,Healthcare,500,0.05,2022-11-14,Post-IPO,United States,28
Impact.com,Los Angeles,Marketing,,0.1,2022-08-25,Private Equity,United States,361
Impossible Foods,SF Bay Area,Food,50,0.06,2022-10-06,Series H,United States,1900
Impossible Foods copy,SF Bay Area,Food,140,0.2,2023-01-30,Series H,United States,1900
Incredible Health,SF Bay Area,Healthcare,9,0.4,2020-04-01,Series A,United States,15
Indeed,Austin,HR,2200,0.15,2023-03-22,Acquired,United States,5
Industrious,New York City,Real Estate,90,0.2,2020-04-02,Series D,United States,222
InfluxData,SF Bay Area,Data,65,0.27,2022-11-10,Series D,United States,119
Informatica,SF Bay Area,Data,450,0.07,2023-01-10,Post-IPO,United States,
Innovaccer,SF Bay Area,Healthcare,245,0.15,2023-01-24,Series E,United States,379
Innovaccer,SF Bay Area,Healthcare,90,0.08,2022-09-01,Series E,United States,379
Innovid,New York City,Marketing,40,0.1,2023-01-23,Post-IPO,United States,295
Inspirato,Denver,Travel,109,0.12,2023-01-18,Post-IPO,United States,179
Inspirato,Denver,Travel,130,0.22,2020-03-16,Series C,United States,79
Instructure,Salt Lake City,Education,150,0.12,2020-05-27,Acquired,United States,89
Intapp,SF Bay Area,Legal,45,0.05,2020-05-18,Private Equity,United States,
Integral Ad Science,New York City,Marketing,120,0.13,2022-12-07,Acquired,United States,116
Integral Ad Science,New York City,Marketing,70,0.1,2020-05-14,Acquired,United States,116
Intercom,SF Bay Area,Support,124,0.13,2022-11-14,Series D,United States,240
Intercom,SF Bay Area,Support,49,0.05,2022-09-07,Series D,United States,240
Intercom,SF Bay Area,Support,39,0.06,2020-05-20,Series D,United States,240
Intrinsic,SF Bay Area,Other,40,0.2,2023-01-11,Acquired,United States,
Intuit,SF Bay Area,Finance,715,0.07,2020-06-22,Post-IPO,United States,18
InVision,New York City,Product,,0.5,2022-07-21,Series F,United States,356
Iris Nova,New York City,Food,9,0.5,2020-03-30,Seed,United States,15
IRL,SF Bay Area,Consumer,25,0.25,2022-06-02,Series C,United States,197
iRobot,Boston,Consumer,85,0.07,2023-02-13,Acquired,United States,30
iRobot,Boston,Consumer,140,0.1,2022-08-05,Acquired,United States,30
Iron Ox,SF Bay Area,Food,50,0.5,2022-11-02,Series C,United States,103
IronNet,Washington D.C.,Security,90,0.35,2022-06-22,Post-IPO,United States,410
IronNet,Washington D.C.,Security,55,0.17,2022-06-22,Post-IPO,United States,410
Jam City,Los Angeles,Consumer,200,0.17,2022-08-04,Unknown,United States,652
Jama,Portland,Product,12,0.05,2020-03-25,Unknown,United States,233
Jellyfish,Boston,Product,,0.09,2023-01-13,Series C,United States,114
Jellysmack,New York City,Media,,0.08,2022-06-09,Series C,United States,22
JetClosing,Seattle,Real Estate,,1,2022-06-15,Series B,United States,44
JetClosing,Seattle,Real Estate,20,0.2,2020-04-27,Series A,United States,24
Jetty,New York City,Finance,35,0.4,2020-04-03,Series B,United States,40
Jiobit,Chicago,Consumer,6,0.21,2020-04-24,Unknown,United States,12
Jobcase,Boston,Recruiting,39,0.2,2020-04-02,Private Equity,United States,118
JOKR,New York City,Food,50,0.05,2022-06-16,Series B,United States,430
Jounce Therapeutics,Boston,Healthcare,,0.57,2023-02-22,Acquired,United States,194
Jumio,SF Bay Area,Security,100,0.06,2023-01-11,Private Equity,United States,205
Jump,New York City,Transportation,500,1,2020-05-07,Acquired,United States,11
Jumpcloud,Boulder,Security,100,0.12,2023-01-18,Series F,United States,416
Juniper Square,SF Bay Area,Real Estate,,0.14,2022-09-06,Series C,United States,108
Juul,SF Bay Area,Consumer,400,0.3,2022-11-10,Unknown,United States,1500
Juul,SF Bay Area,Consumer,900,0.3,2020-05-05,Unknown,United States,1500
Kabam,SF Bay Area,Consumer,35,0.07,2022-11-09,Acquired,United States,244
Kaleidoscope,Minneapolis,Finance,15,0.3,2023-03-14,Series A,United States,16
Kaltura,New York City,Media,75,0.11,2023-01-04,Post-IPO,United States,166
Kaltura,New York City,Media,,0.1,2022-08-09,Post-IPO,United States,166
Kandela,Los Angeles,Consumer,,1,2023-03-02,Acquired,United States,
Kandji,San Diego,Other,,0.17,2022-11-17,Series C,United States,188
Kaodim,Selangor,Consumer,,1,2022-06-02,Series B,United States,17
Karbon,SF Bay Area,Other,,0.23,2022-09-12,Series B,United States,91
Katerra,SF Bay Area,Construction,2434,1,2021-06-01,Unknown,United States,1600
Katerra,SF Bay Area,Construction,400,0.07,2020-06-29,Series E,United States,1300
Katerra,SF Bay Area,Construction,240,0.03,2020-04-02,Series D,United States,1200
Kayak / OpenTable,Stamford,Travel,160,0.08,2020-04-29,Acquired,United States,229
Kazoo,Austin,HR,,0.35,2020-03-31,Series A,United States,8
KeepTruckin,SF Bay Area,Logistics,349,0.18,2020-03-31,Series D,United States,227
Khoros,Austin,Sales,120,0.1,2022-10-21,Private Equity,United States,138
Kiavi,SF Bay Area,Real Estate,39,0.07,2022-07-14,Series E,United States,240
Kickstarter,New York City,Finance,25,0.18,2020-05-13,Unknown,United States,10
Kite,SF Bay Area,Product,,1,2022-11-16,Series A,United States,21
Kitopi,Dubai,Food,93,0.1,2022-11-21,Series C,United States,804
Kitty Hawk,SF Bay Area,Aerospace,100,1,2022-09-21,Unknown,United States,1
Knock,New York City,Real Estate,115,0.46,2022-03-15,Unknown,United States,654
Knotel,New York City,Real Estate,20,0.08,2020-10-29,Series C,United States,560
Knotel,New York City,Real Estate,127,0.3,2020-03-27,Series C,United States,560
Kodiak Robotics,SF Bay Area,Transportation,15,0.2,2020-04-15,Series A,United States,40
Komodo Health,SF Bay Area,Healthcare,78,0.09,2022-12-13,Series E,United States,514
Komodo Health,SF Bay Area,Healthcare,23,0.09,2020-04-20,Series C,United States,50
Kraken,SF Bay Area,Crypto,1100,0.3,2022-11-30,Unknown,United States,134
Lacework,SF Bay Area,Security,300,0.2,2022-05-25,Series D,United States,1900
Ladder Life,SF Bay Area,Finance,13,0.25,2020-03-23,Series C,United States,94
Lam Research,SF Bay Area,Hardware,1300,0.07,2023-01-25,Post-IPO,United States,
Lantern,Grand Rapids,Retail,,1,2023-01-06,Seed,United States,40
Lastline,SF Bay Area,Security,50,0.4,2020-06-04,Series C,United States,52
Latch,New York City,Security,115,0.37,2022-08-02,Post-IPO,United States,342
Latch,New York City,Security,130,0.28,2022-05-20,Post-IPO,United States,342
Latch,New York City,Security,30,0.06,2022-05-10,Post-IPO,United States,342
Lattice,SF Bay Area,HR,,0.15,2023-01-12,Series F,United States,328
Lattice,SF Bay Area,HR,16,0.1,2020-05-15,Series C,United States,49
Le Tote,SF Bay Area,Retail,,0.5,2020-04-01,Series C,United States,62
LeafLink,New York City,Other,80,0.31,2022-12-15,Series C,United States,379
Leafly,Seattle,Retail,40,0.21,2023-03-16,Post-IPO,United States,71
Leafly,Seattle,Retail,56,0.21,2022-10-18,Post-IPO,United States,71
Leafly,Seattle,Retail,91,0.5,2020-03-23,Acquired,United States,2
Lending Club,SF Bay Area,Finance,225,0.14,2023-01-12,Post-IPO,United States,392
Lending Club,SF Bay Area,Finance,460,0.3,2020-04-21,Post-IPO,United States,392
LendingTree,Charlotte,Finance,150,0.13,2023-03-30,Post-IPO,United States,
Lev,New York City,Real Estate,30,0.3,2022-12-07,Series B,United States,114
Lever,SF Bay Area,Recruiting,86,0.4,2020-04-08,Series C,United States,72
Life360,SF Bay Area,Consumer,,0.14,2023-01-12,Post-IPO,United States,158
Liftoff,SF Bay Area,Marketing,130,0.15,2022-11-09,Acquired,United States,6
Lighter Capital,Seattle,Finance,22,0.49,2020-07-20,Series B,United States,15
Lighter Capital,Seattle,Finance,18,0.22,2020-04-24,Series B,United States,15
Lime,SF Bay Area,Transportation,80,0.13,2020-04-29,Series D,United States,765
Limeade,Seattle,HR,,0.15,2023-01-11,Series C,United States,33
Limelight,New York City,Recruiting,13,1,2021-02-04,Unknown,United States,
LinkedIn,SF Bay Area,Recruiting,960,0.06,2020-07-21,Acquired,United States,154
Lithic,New York City,Finance,27,0.18,2022-12-07,Series C,United States,115
LivePerson,New York City,Support,193,0.11,2022-09-15,Post-IPO,United States,42
LiveRamp,SF Bay Area,Marketing,,0.1,2022-11-03,Post-IPO,United States,16
LiveVox,SF Bay Area,Support,,0.16,2023-01-17,Post-IPO,United States,12
Locomation,Pittsburgh,Transportation,,1,2023-02-22,Seed,United States,57
Loftium,Seattle,Real Estate,32,0.6,2020-05-29,Series A,United States,17
Loftsmart,New York City,Real Estate,25,0.75,2020-03-30,Series A,United States,18
Lokalise,Dover,Other,76,0.23,2022-11-16,Series B,United States,56
Loom,SF Bay Area,Product,23,0.11,2022-10-20,Series C,United States,203
Loom,SF Bay Area,Product,34,0.14,2022-06-01,Series C,United States,203
Loop,Austin,Finance,19,0.25,2023-03-30,Series A,United States,24
Loop,Washington D.C.,Finance,15,0.2,2022-08-24,Series A,United States,24
Lora DiCarlo,Bend,Consumer,,1,2022-12-02,Unknown,United States,9
Lucid Diagnostics,New York City,Healthcare,,0.2,2023-01-18,Post-IPO,United States,
Lucid Motors,SF Bay Area,Transportation,1300,0.18,2023-03-28,Post-IPO,United States,8300
Lumina Networks,SF Bay Area,Infrastructure,,1,2020-08-18,Series A,United States,10
Lunchbox,New York City,Food,60,0.33,2022-07-21,Series B,United States,72
Lusha,New York City,Marketing,30,0.1,2022-07-18,Series B,United States,245
Lyft,SF Bay Area,Transportation,700,0.13,2022-11-03,Post-IPO,United States,4900
Lyft,SF Bay Area,Transportation,60,0.02,2022-07-20,Post-IPO,United States,4900
Lyft,SF Bay Area,Transportation,982,0.17,2020-04-29,Post-IPO,United States,4900
Madefire,SF Bay Area,Media,,1,2021-04-29,Series B,United States,16
Magic Leap,Miami,Consumer,1000,0.5,2020-04-22,Series E,United States,2600
Magnite,Los Angeles,Marketing,,0.06,2023-01-19,Post-IPO,United States,400
Mainstreet,SF Bay Area,Finance,45,0.3,2022-05-04,Series A,United States,64
Malwarebytes,SF Bay Area,Security,125,0.14,2022-08-17,Series B,United States,80
Marvell,SF Bay Area,Hardware,320,0.04,2023-03-21,Post-IPO,United States,
Masse,New York City,Retail,,1,2020-05-15,Seed,United States,3
MasterClass,SF Bay Area,Education,120,0.2,2022-06-22,Series E,United States,461
Match Group,New York City,Consumer,,0.08,2023-02-01,Post-IPO,United States,
Matterport,SF Bay Area,Data,90,0.34,2020-04-09,Series D,United States,114
Maven,Seattle,Media,31,0.09,2020-03-30,Post-IPO,United States,77
MediaMath,New York City,Marketing,53,0.08,2020-04-07,Private Equity,United States,607
Medium,SF Bay Area,Media,,0.25,2022-09-06,Unknown,United States,163
Medly,New York City,Healthcare,,1,2023-02-08,Series C,United States,100
Medly,New York City,Healthcare,,0.5,2022-09-07,Series C,United States,100
Medly,New York City,Healthcare,,0.16,2022-08-04,Series C,United States,100
Merative,Ann Arbor,Healthcare,200,0.1,2023-02-23,Acquired,United States,
MeridianLink,Los Angeles,Finance,,0.09,2023-02-28,Post-IPO,United States,485
Messari,New York City,Crypto,,0.15,2023-02-23,Series B,United States,61
Meta,SF Bay Area,Consumer,11000,0.13,2022-11-09,Post-IPO,United States,26000
Metromile,SF Bay Area,Finance,60,0.2,2022-07-28,Acquired,United States,510
Metromile,SF Bay Area,Finance,100,0.33,2020-04-06,Series E,United States,293
Micron,Boise,Hardware,2400,0.05,2023-02-17,Post-IPO,United States,50
Micron,Boise,Hardware,4800,0.1,2023-01-01,Post-IPO,United States,50
Microsoft,Seattle,Other,10000,0.05,2023-01-18,Post-IPO,United States,1
Migo,SF Bay Area,Finance,,0.25,2020-04-28,Series B,United States,37
MindBody,San Luis Obispo,Fitness,400,0.15,2022-10-26,Post-IPO,United States,114
MindBody,San Luis Obispo,Fitness,700,0.35,2020-04-02,Post-IPO,United States,114
Minted,SF Bay Area,Retail,147,0.37,2020-04-03,Series E,United States,297
Miro,SF Bay Area,Other,119,0.07,2023-02-02,Series C,United States,476
Misfits Market,Philadelphia,Food,649,0.33,2023-02-09,Series C,United States,526
Mixpanel,SF Bay Area,Data,65,0.19,2020-05-12,Series B,United States,77
Modern Treasury,SF Bay Area,Finance,,0.18,2022-12-16,Series C,United States,183
Mojo Vision,SF Bay Area,Hardware,,0.75,2023-01-06,Series B,United States,204
Momentive,SF Bay Area,Marketing,,0.14,2023-02-15,Post-IPO,United States,1100
Momentive,SF Bay Area,Marketing,180,0.11,2022-10-10,Post-IPO,United States,1100
Moovel,Portland,Transportation,28,0.37,2020-04-01,Unknown,United States,
Morning Brew,New York City,Media,,0.14,2022-11-17,Acquired,United States,
Motif Investing,SF Bay Area,Finance,,1,2020-04-18,Series E,United States,126
Motive,SF Bay Area,Transportation,237,0.06,2022-12-07,Series F,United States,567
Mozilla,SF Bay Area,Consumer,250,0.25,2020-08-11,Unknown,United States,2.3
Mr. Yum,Melbourne,Food,,0.17,2022-08-22,Series A,United States,73
Mudafy,Mexico City,Real Estate,,0.7,2023-01-19,Series A,United States,13
Mural,SF Bay Area,Product,90,0.1,2022-05-05,Series C,United States,192
Mux,SF Bay Area,Infrastructure,40,0.2,2022-09-29,Series D,United States,173
Mythical Games,Los Angeles,Crypto,,0.1,2022-11-04,Series C,United States,260
N26,New York City,Finance,9,0.01,2020-05-08,Series D,United States,782
Namely,New York City,HR,110,0.4,2020-05-01,Series E,United States,217
Namogoo,Tel Aviv,Marketing,20,0.15,2023-01-23,Series C,United States,69
Namogoo,Tel Aviv,Marketing,25,0.15,2022-11-09,Series C,United States,69
NanoString,Seattle,Healthcare,,0.1,2022-11-08,Post-IPO,United States,731
Nate,New York City,Retail,30,0.2,2022-06-30,Series A,United States,47
National Instruments,Austin,Hardware,,0.04,2023-01-31,Post-IPO,United States,
Nativo,Los Angeles,Marketing,,0.4,2020-03-26,Series B,United States,35
nCino,Wilmington,Finance,100,0.07,2023-01-18,Post-IPO,United States,1100
NCX,SF Bay Area,Energy,,0.4,2022-11-28,Series B,United States,78
Neoleukin Therapeutics,Seattle,Healthcare,,0.7,2023-03-09,Post-IPO,United States,157
Nerdy,St. Louis,Education,,0.17,2022-12-08,Post-IPO,United States,150
NetApp,SF Bay Area,Data,960,0.08,2023-01-31,Post-IPO,United States,
Netflix,SF Bay Area,Media,300,0.03,2022-06-23,Post-IPO,United States,121900
Netflix,SF Bay Area,Media,150,0.01,2022-05-17,Post-IPO,United States,121900
Netlify,SF Bay Area,Product,48,0.16,2022-12-01,Series D,United States,212
New Relic,SF Bay Area,Infrastructure,110,0.05,2022-08-18,Post-IPO,United States,214
New Relic,SF Bay Area,Infrastructure,160,0.07,2021-04-06,Post-IPO,United States,214.5
Next Insurance,SF Bay Area,Finance,150,0.17,2022-07-07,Series E,United States,881
Nextiva,Phoenix,Other,,0.17,2022-12-06,Private Equity,United States,200
NextRoll,SF Bay Area,Marketing,,0.07,2022-09-15,Unknown,United States,108
NextRoll,SF Bay Area,Marketing,,0.03,2022-07-08,Unknown,United States,108
Niantic,SF Bay Area,Consumer,85,0.08,2022-06-29,Series D,United States,770
Nirvana Money,Miami,Finance,,1,2022-11-15,Unknown,United States,
Nomad Health,New York City,Healthcare,119,0.17,2023-02-09,Unknown,United States,218
Noom,New York City,Healthcare,500,0.1,2022-10-11,Series F,United States,657
Notarize,Boston,Legal,110,0.25,2022-06-15,Series D,United States,213
NS8,Las Vegas,Data,240,0.95,2020-09-11,Series A,United States,157.9
NuoDB,Boston,Data,20,0.29,2020-04-10,Unknown,United States,85
Nuro,SF Bay Area,Transportation,300,0.2,2022-11-18,Series D,United States,2100
Nutanix,SF Bay Area,Infrastructure,270,0.04,2022-08-09,Post-IPO,United States,1100
NYDIG,New York City,Crypto,110,0.33,2022-09-22,Private Equity,United States,1400
Nylas,SF Bay Area,Product,80,0.25,2022-08-02,Series C,United States,175
Nyriad,Austin,Infrastructure,,0.33,2022-10-10,Unknown,United States,58
O'Reilly Media,SF Bay Area,Media,75,0.15,2020-03-25,Unknown,United States,
Ocavu,Lehi,Crypto,20,0.48,2022-11-10,Series A,United States,11
Offerpad,Phoenix,Real Estate,,0.07,2022-11-11,Post-IPO,United States,355
OfferUp,Seattle,Retail,,0.19,2022-11-15,Unknown,United States,381
Okta,SF Bay Area,Security,300,0.05,2023-02-02,Post-IPO,United States,1200
Olive,Columbus,Healthcare,450,0.31,2022-07-19,Series H,United States,856
Olive AI,Columbus,Healthcare,215,0.35,2023-02-09,Series H,United States,856
On Deck,SF Bay Area,Education,73,0.33,2022-08-04,Series A,United States,20
On Deck,SF Bay Area,Education,72,0.25,2022-05-05,Series A,United States,20
OneStudyTeam,Boston,Healthcare,,0.25,2022-12-06,Series D,United States,479
OneTrust,Atlanta,Security,950,0.25,2022-06-09,Series C,United States,926
OneTrust,Atlanta,Legal,150,0.1,2020-04-09,Series B,United States,410
Opendoor,SF Bay Area,Real Estate,550,0.18,2022-11-02,Post-IPO,United States,1900
Opendoor,SF Bay Area,Real Estate,600,0.35,2020-04-15,Series E,United States,1500
OpenSea,New York City,Crypto,,0.2,2022-07-14,Series C,United States,427
OpenX,Los Angeles,Marketing,35,0.15,2020-04-28,Unknown,United States,70
Oportun,SF Bay Area,Finance,155,0.1,2023-02-09,Post-IPO,United States,566
Optimizely,SF Bay Area,Marketing,60,0.15,2020-07-15,Series D,United States,251.2
Orchard,New York City,Real Estate,,0.1,2022-06-23,Series D,United States,472
Oscar Health,New York City,Healthcare,70,0.05,2020-04-23,Unknown,United States,1300
Ouster,SF Bay Area,Transportation,,0.1,2022-09-20,Post-IPO,United States,282
Ouster,SF Bay Area,Transportation,,0.1,2020-09-08,Series B,United States,132
OutboundEngine,Austin,Marketing,52,0.28,2020-03-25,Series C,United States,48
Outbrain,New York City,Marketing,38,0.03,2022-07-26,Post-IPO,United States,394
Outreach,Seattle,Sales,70,0.07,2023-02-27,Series G,United States,489
Outreach,Seattle,Sales,60,0.05,2022-08-02,Series G,United States,489
Outschool,SF Bay Area,Education,43,0.25,2022-12-10,Series D,United States,240
Outschool,SF Bay Area,Education,31,0.18,2022-07-05,Series D,United States,240
Outside,Boulder,Media,,0.12,2022-11-15,Series B,United States,174
Outside,Boulder,Media,87,0.15,2022-05-20,Series B,United States,174
Overtime,New York City,Media,30,0.23,2020-03-25,Series B,United States,35
OwnBackup,New York City,Security,170,0.17,2022-11-15,Series E,United States,507
Ozy Media,SF Bay Area,Media,,1,2021-10-01,Series C,United States,70
Pacaso,SF Bay Area,Real Estate,100,0.3,2022-10-11,Series C,United States,217
Packable,New York City,Retail,138,0.2,2022-08-23,Unknown,United States,472
Pagaya,New York City,Finance,140,0.2,2023-01-18,Post-IPO,United States,571
PagerDuty,SF Bay Area,Product,,0.07,2023-01-24,Post-IPO,United States,173
Palantir,Denver,Data,75,0.02,2023-02-27,Post-IPO,United States,3000
Panda Squad,SF Bay Area,Consumer,6,0.75,2020-03-13,Seed,United States,1
Papa,Miami,Other,,0.15,2022-07-13,Series D,United States,241
Parler,Nashville,Consumer,60,0.75,2023-01-10,Series B,United States,36
Parsable,SF Bay Area,HR,40,0.25,2020-04-15,Series C,United States,72
Pastel,SF Bay Area,Food,,1,2022-09-30,Unknown,United States,
PatientPop,Los Angeles,Healthcare,100,0.2,2020-04-01,Series B,United States,75
Patreon,SF Bay Area,Media,80,0.17,2022-09-13,Series F,United States,413
Patreon,SF Bay Area,Media,30,0.13,2020-04-21,Series D,United States,165
Pavilion Data,SF Bay Area,Infrastructure,96,0.96,2022-10-10,Series D,United States,103
PayJoy,SF Bay Area,Finance,27,0.25,2020-04-28,Series B,United States,71
PayPal,SF Bay Area,Finance,2000,0.07,2023-01-31,Post-IPO,United States,216
Pear Therapeutics,Boston,Healthcare,170,0.92,2023-04-07,Post-IPO,United States,409
Pear Therapeutics,Boston,Healthcare,59,0.22,2022-11-16,Post-IPO,United States,409
Pear Therapeutics,Boston,Healthcare,59,0.22,2022-11-14,Post-IPO,United States,409
Pear Therapeutics,Boston,Healthcare,25,0.09,2022-07-25,Post-IPO,United States,409
Pebblepost,New York City,Marketing,,0.6,2020-04-01,Series C,United States,81
Peerfit,Tampa Bay,HR,,0.4,2020-03-24,Unknown,United States,47
Peerspace,SF Bay Area,Real Estate,41,0.75,2020-03-26,Series B,United States,34
PeerStreet,Los Angeles,Finance,51,0.3,2020-03-30,Series C,United States,110
Pegasystems,Boston,HR,245,0.04,2023-01-03,Post-IPO,United States,
Peloton,New York City,Fitness,500,0.12,2022-10-06,Post-IPO,United States,1900
Peloton,New York City,Fitness,784,0.13,2022-08-12,Post-IPO,United States,1900
Peloton,New York City,Fitness,2800,0.2,2022-02-08,Post-IPO,United States,1900
Pendo,Raleigh,Product,45,0.05,2022-09-07,Series F,United States,469
People.ai,SF Bay Area,Marketing,30,0.18,2020-04-17,Series C,United States,100
Perceptive Automata,Boston,Transportation,,1,2022-08-01,Series A,United States,20
PerkSpot,Chicago,HR,10,0.1,2020-04-06,Private Equity,United States,50
Personalis,SF Bay Area,Healthcare,,0.3,2023-01-19,Post-IPO,United States,225
Personetics,New York City,Support,30,0.08,2023-01-05,Private Equity,United States,178
Pesto,SF Bay Area,Other,,1,2022-09-23,Seed,United States,6
Pico Interactive,SF Bay Area,Other,400,0.2,2023-02-16,Acquired,United States,62
PicoBrew,Seattle,Food,,1,2020-04-30,Series A,United States,15
Picsart,Miami,Consumer,90,0.08,2022-05-17,Series C,United States,195
Pipl,Spokane,Security,22,0.13,2022-06-23,Unknown,United States,19
Plaid,SF Bay Area,Finance,260,0.2,2022-12-07,Series D,United States,734
Plato,SF Bay Area,HR,29,0.5,2022-08-23,Seed,United States,3
Playdots,New York City,Consumer,65,1,2022-10-13,Acquired,United States,10
Pleo,Copenhagen,Finance,150,0.15,2022-11-03,Series C,United States,428
Pluralsight,Salt Lake City,Education,400,0.2,2022-12-12,Acquired,United States,192
Plus One Robotics,San Antonio,Other,,0.1,2023-01-26,Series B,United States,43
Podium,Lehi,Support,,0.12,2022-12-01,Series D,United States,419
PolicyGenius,New York City,Finance,170,0.25,2022-06-02,Series E,United States,286
Polly,Burlington,Finance,47,0.15,2022-12-02,Series C,United States,184
Popin,New York City,Fitness,,1,2020-03-19,Unknown,United States,13
Poshmark,SF Bay Area,Retail,,0.02,2023-02-24,Acquired,United States,153
Postmates,SF Bay Area,Food,180,0.15,2021-01-23,Acquired,United States,763
Preply,Boston,Education,26,0.05,2022-06-09,Series C,United States,100
Prime Trust,Las Vegas,Crypto,,0.33,2023-01-30,Series B,United States,176
Prisma,SF Bay Area,Data,,0.28,2023-01-19,Series B,United States,56
Procore,Los Angeles,Construction,180,0.09,2020-07-28,Unknown,United States,649
Productboard,SF Bay Area,Product,100,0.2,2022-11-15,Series D,United States,
Project44,Chicago,Logistics,63,0.05,2022-07-15,Unknown,United States,817
Protego Trust Bank,Seattle,Crypto,,0.5,2023-03-01,Series A,United States,70
Protocol,SF Bay Area,Media,60,1,2022-11-15,Acquired,United States,
Protocol Labs,SF Bay Area,Crypto,89,0.2,2023-02-03,Unknown,United States,10
Puppet,Portland,Infrastructure,,0.15,2022-08-03,Acquired,United States,189
Puppet,Portland,Infrastructure,50,0.1,2020-03-26,Series F,United States,149
Purse,SF Bay Area,Crypto,,1,2020-04-16,Seed,United States,1
Qualtrics,Salt Lake City,Other,270,0.05,2023-01-11,Post-IPO,United States,400
Quantcast,SF Bay Area,Marketing,40,0.06,2022-07-29,Series C,United States,65
Quantcast,SF Bay Area,Marketing,30,0.05,2020-04-08,Series C,United States,65
Quanterix,Boston,Healthcare,130,0.25,2022-08-09,Post-IPO,United States,533
Quantum SI,New Haven,Healthcare,,0.12,2023-01-30,Post-IPO,United States,425
Quartz,New York City,Media,80,0.4,2020-05-14,Acquired,United States,
Quibi,Los Angeles,Media,,1,2020-10-21,Private Equity,United States,1800
Qumulo,Seattle,Data,80,0.19,2022-06-29,Series E,United States,347
Qwick,Phoenix,Recruiting,,0.7,2020-04-27,Seed,United States,4
Rad Power Bikes,Seattle,Transportation,63,0.1,2022-07-21,Series D,United States,329
Rad Power Bikes,Seattle,Transportation,100,0.14,2022-04-12,Series D,United States,329
Reali,SF Bay Area,Real Estate,140,1,2022-08-24,Series B,United States,117
RealSelf,Seattle,Healthcare,11,0.05,2022-07-21,Series B,United States,42
RealSelf,Seattle,Healthcare,40,0.13,2020-04-21,Series B,United States,42
Recharge,Los Angeles,Finance,84,0.17,2022-10-27,Series B,United States,277
Redesign Health,New York City,Healthcare,67,0.2,2022-10-10,Series C,United States,315
Redfin,Seattle,Real Estate,201,0.04,2023-04-11,Post-IPO,United States,320
Redfin,Seattle,Real Estate,862,0.13,2022-11-09,Post-IPO,United States,320
Redfin,Seattle,Real Estate,470,0.08,2022-06-14,Post-IPO,United States,319
Redfin,Seattle,Real Estate,236,0.07,2020-04-07,Post-IPO,United States,319
Redox,Madison,Healthcare,44,0.25,2020-06-16,Series C,United States,50
Reef,Miami,Transportation,750,0.05,2022-05-06,Unknown,United States,1500
Relativity,Chicago,Legal,150,0.1,2022-12-07,Private Equity,United States,125
Remote,SF Bay Area,HR,100,0.09,2022-07-06,Series C,United States,496
Remote Year,Chicago,Travel,50,0.5,2020-03-19,Series B,United States,17
Rent the Runway,New York City,Retail,,0.24,2022-09-12,Post-IPO,United States,526
Repertoire Immune Medicines,Boston,Healthcare,65,0.5,2022-11-08,Series B,United States,257
Rhino,New York City,Real Estate,57,0.2,2022-02-03,Unknown,United States,133
Rhumbix,SF Bay Area,Construction,16,0.27,2020-04-10,Series B,United States,35
Ribbon,New York City,Real Estate,170,0.85,2022-11-14,Series C,United States,405
Ridecell,SF Bay Area,Transportation,35,0.15,2020-05-14,Series B,United States,73
Rigetti Computing,SF Bay Area,Hardware,,0.28,2023-02-10,Post-IPO,United States,298
RigUp,Austin,Energy,120,0.25,2020-03-30,Series D,United States,423
RingCentral,SF Bay Area,Other,,0.1,2022-11-09,Post-IPO,United States,44
Rivian,Detroit,Transportation,,0.06,2023-02-01,Post-IPO,United States,10700
Rivian,Detroit,Transportation,840,0.06,2022-07-27,Post-IPO,United States,10700
Rivian,Detroit,Transportation,40,0.02,2020-06-02,Private Equity,United States,3100
Ro,New York City,Healthcare,,0.18,2022-06-23,Unknown,United States,1000
Robinhood,SF Bay Area,Finance,713,0.23,2022-08-02,Post-IPO,United States,5600
Robinhood,SF Bay Area,Finance,340,0.09,2022-04-26,Post-IPO,United States,5600
Rock Content,Miami,Marketing,,0.15,2023-01-12,Series B,United States,34
Roku,SF Bay Area,Media,200,0.06,2023-03-30,Post-IPO,United States,208
Roku,SF Bay Area,Media,200,0.07,2022-11-17,Post-IPO,United States,208
Roofstock,SF Bay Area,Real Estate,,0.27,2023-03-22,Series E,United States,365
Roofstock,SF Bay Area,Real Estate,,0.2,2022-10-20,Series E,United States,365
Root Insurance,Columbus,Finance,137,0.2,2022-11-09,Post-IPO,United States,527
Rover,Seattle,Consumer,194,0.41,2020-03-31,Series G,United States,310
Rubica,Seattle,Security,,1,2020-11-05,Series A,United States,14
Rubicon Project,Los Angeles,Marketing,50,0.08,2020-05-06,Post-IPO,United States,60
Rubicon Technologies,Lexington,Other,,0.11,2022-11-15,Post-IPO,United States,382
Rubius,Boston,Healthcare,,0.82,2022-11-03,Post-IPO,United States,445
Rubius,Boston,Healthcare,160,0.75,2022-09-13,Post-IPO,United States,445
SADA,Los Angeles,Other,,0.11,2022-11-08,Acquired,United States,
SafeGraph,SF Bay Area,Data,27,0.25,2022-06-27,Series B,United States,61
Sage Therapeutics,Boston,Healthcare,340,0.53,2020-04-07,Post-IPO,United States,438
Saks.com,New York City,Retail,100,0.05,2023-01-19,Unknown,United States,965
Salesforce,SF Bay Area,Sales,8000,0.1,2023-01-04,Post-IPO,United States,65
Salesforce,SF Bay Area,Sales,1000,0.01,2022-11-07,Post-IPO,United States,65
Salesforce,SF Bay Area,Sales,1000,0.0185,2020-08-26,Post-IPO,United States,65.4
Salesloft,Atlanta,Sales,100,0.1,2023-02-07,Acquired,United States,245
Salsify,Boston,Retail,90,0.11,2022-11-16,Series F,United States,452
Salsify,Boston,Retail,60,0.13,2020-04-03,Series D,United States,97
Samsara,SF Bay Area,Logistics,300,0.18,2020-05-20,Series F,United States,530
Sana,Seattle,Healthcare,,0.15,2022-11-30,Series A,United States,700
Sana Benefits,Austin,HR,,0.19,2023-02-07,Series B,United States,106
Sandbox VR,SF Bay Area,Consumer,80,0.8,2020-05-01,Series A,United States,82
Sauce Labs,SF Bay Area,Infrastructure,30,0.15,2020-04-02,Unknown,United States,151
Scale AI,SF Bay Area,Data,,0.2,2023-01-09,Series E,United States,602
ScaleFactor,Austin,Finance,90,0.9,2020-06-23,Series C,United States,103
Scoop,SF Bay Area,Transportation,92,0.33,2020-04-08,Series C,United States,95
Seagate,SF Bay Area,Hardware,3000,0.08,2022-10-26,Post-IPO,United States,
SecureWorks,Atlanta,Security,212,0.09,2023-02-07,Post-IPO,United States,83
Segment,SF Bay Area,Data,50,0.1,2020-05-06,Series D,United States,283
Sema4,Stamford,Healthcare,250,0.13,2022-08-15,Post-IPO,United States,791
SendCloud,Eindhoven,Logistics,,0.1,2022-11-10,Series C,United States,200
Sendoso,SF Bay Area,Marketing,,0.14,2022-06-06,Series C,United States,152
Service,Los Angeles,Travel,,1,2020-03-20,Seed,United States,5
Service,Los Angeles,Travel,,1,2020-03-16,Seed,United States,5.1
ServiceTitan,Los Angeles,Sales,221,0.08,2023-02-15,Series G,United States,1100
Sezzle,Minneapolis,Finance,,0.2,2022-03-10,Post-IPO,United States,301
Shift,SF Bay Area,Transportation,,0.3,2023-03-29,Post-IPO,United States,504
ShipBob,Chicago,Logistics,,0.07,2022-08-25,Series E,United States,330
Shippo,SF Bay Area,Logistics,60,0.2,2022-11-03,Series E,United States,154
Shipsi,Los Angeles,Retail,20,0.5,2020-04-28,Seed,United States,2
Shogun,SF Bay Area,Retail,48,0.3,2022-08-09,Series C,United States,114
Showpad,Chicago,Marketing,52,0.12,2020-04-01,Series D,United States,159
Side,SF Bay Area,Real Estate,,0.1,2022-06-01,Unknown,United States,313
Sidecar Health,Los Angeles,Healthcare,110,0.4,2022-06-28,Series C,United States,163
SimilarWeb,New York City,Other,120,0.1,2022-11-16,Post-IPO,United States,235
Simple,Portland,Finance,,1,2021-01-07,Acquired,United States,15
SirionLabs,Seattle,Legal,130,0.15,2023-01-25,Series D,United States,171
SiriusXM,New York City,Media,475,0.08,2023-03-06,Post-IPO,United States,525
Sisense,New York City,Data,80,0.09,2020-04-23,Series F,United States,274
Skedulo,SF Bay Area,HR,31,0.08,2022-08-23,Series C,United States,114
Skillz,SF Bay Area,Consumer,70,0.1,2022-05-20,Post-IPO,United States,287
SkySlope,Sacramento,Real Estate,50,0.25,2020-03-31,Acquired,United States,
SmartNews,Tokyo,Media,120,0.4,2023-01-12,Series F,United States,410
Smartsheet,Seattle,Other,85,0.03,2023-02-16,Post-IPO,United States,152
Snap,Los Angeles,Consumer,1280,0.2,2022-08-31,Post-IPO,United States,4900
Snapdocs,SF Bay Area,Real Estate,,0.15,2022-11-03,Series D,United States,253
Snapdocs,SF Bay Area,Real Estate,,0.1,2022-08-16,Series D,United States,253
Snappy,New York City,Marketing,100,0.3,2023-01-15,Series C,United States,104
Snyk,Boston,Security,198,0.14,2022-10-24,Series F,United States,849
Socure,Reno,Finance,104,0.19,2023-01-05,Series E,United States,646
Socure,Reno,Finance,69,0.13,2022-06-17,Series E,United States,646
SoFi,SF Bay Area,Finance,112,0.07,2020-05-20,Private Equity,United States,2500
Sojern,SF Bay Area,Marketing,300,0.5,2020-04-03,Series D,United States,162
Sonder,SF Bay Area,Travel,100,0.14,2023-03-01,Post-IPO,United States,839
Sonder,SF Bay Area,Travel,250,0.21,2022-06-08,Post-IPO,United States,839
Sonder,SF Bay Area,Travel,400,0.33,2020-03-24,Series D,United States,359
SonderMind,Denver,Healthcare,,0.15,2022-12-16,Series C,United States,183
Sonos,New York City,Consumer,174,0.12,2020-06-24,Post-IPO,United States,455.2
Sophos,Oxford,Security,450,0.1,2023-01-18,Acquired,United States,125
SoundHound,SF Bay Area,Other,200,0.5,2023-01-05,Post-IPO,United States,326
SoundHound,SF Bay Area,Other,45,0.1,2022-11-10,Post-IPO,United States,326
Sourcegraph,SF Bay Area,Product,24,0.08,2022-06-21,Series D,United States,248
Spin,SF Bay Area,Transportation,78,0.1,2022-09-30,Acquired,United States,8
Spin,SF Bay Area,Transportation,,0.25,2022-01-08,Acquired,United States,8
Splunk,SF Bay Area,Data,325,0.04,2023-02-01,Post-IPO,United States,2400
Splunk,SF Bay Area,Data,70,0.01,2020-06-16,Post-IPO,United States,40
SpotHero,Chicago,Transportation,40,0.21,2020-06-03,Series D,United States,117
Springbig,Miami,Sales,37,0.23,2022-12-01,Post-IPO,United States,32
Sprinklr,New York City,Support,100,0.04,2023-02-15,Post-IPO,United States,429
Spyce,Boston,Food,4,0.12,2020-04-08,Series A,United States,26
SQream,New York City,Data,30,0.18,2022-07-06,Series B,United States,77
SQZ Biotech,Boston,Healthcare,,0.6,2022-12-01,Post-IPO,United States,229
Stack Overflow,New York City,Recruiting,40,0.15,2020-05-05,Series D,United States,68
Starry,Boston,Other,100,0.24,2023-01-18,Post-IPO,United States,260
Starry,Boston,Other,,0.5,2022-10-20,Post-IPO,United States,260
Starship,SF Bay Area,Transportation,,0.11,2022-06-09,Series B,United States,197
Stash,New York City,Finance,32,0.08,2022-12-06,Unknown,United States,480
Stash Financial,New York City,Finance,40,0.08,2022-06-30,Unknown,United States,480
Stay Alfred,Spokane,Travel,221,1,2020-05-20,Series B,United States,62
Stedi,Boulder,Product,23,0.3,2022-08-02,Series B,United States,75
Stitch Fix,SF Bay Area,Retail,,0.2,2023-01-05,Post-IPO,United States,79
Stitch Fix,SF Bay Area,Retail,330,0.15,2022-06-09,Post-IPO,United States,79
Stitch Fix,SF Bay Area,Retail,1400,0.18,2020-06-01,Post-IPO,United States,79
Stockwell AI,SF Bay Area,Retail,,1,2020-06-15,Series B,United States,10
StockX,Detroit,Retail,120,0.08,2022-06-28,Series E,United States,690
StockX,Detroit,Retail,100,0.12,2020-04-23,Series C,United States,160
Stord,Atlanta,Logistics,59,0.08,2022-06-02,Series D,United States,325
StoryBlocks,Washington D.C.,Media,,0.25,2022-11-18,Acquired,United States,18
Strava,SF Bay Area,Fitness,,0.14,2022-12-01,Series F,United States,151
Stream,Boulder,Product,20,0.12,2022-06-30,Series B,United States,58
Stripe,SF Bay Area,Finance,1000,0.14,2022-11-03,Series H,United States,2300
Studio,SF Bay Area,Education,33,0.4,2022-06-13,Series B,United States,50
StyleSeat,SF Bay Area,Consumer,,0.17,2022-07-15,Series C,United States,40
Stytch,SF Bay Area,Security,19,0.25,2023-02-27,Series B,United States,126
Submittable,Missoula,Other,30,0.2,2020-04-25,Series B,United States,17
Subspace,Los Angeles,Infrastructure,,1,2022-05-13,Series B,United States,
Substack,SF Bay Area,Media,13,0.14,2022-06-29,Series B,United States,82
SummerBio,SF Bay Area,Healthcare,101,1,2022-06-20,Unknown,United States,7
Sundae,SF Bay Area,Real Estate,,0.15,2022-06-30,Series C,United States,135
Sunday,Atlanta,Finance,90,0.23,2022-06-24,Series A,United States,124
SundaySky,New York City,Marketing,24,0.13,2022-07-11,Series D,United States,74
Superhuman,SF Bay Area,Consumer,23,0.22,2022-06-03,Series C,United States,108
Superpedestrian,Boston,Transportation,35,0.07,2022-06-22,Series C,United States,261
SuperRare,Wilmington,Crypto,,0.3,2023-01-06,Series A,United States,9
Sweetgreen,Los Angeles,Food,35,0.1,2020-04-17,Series I,United States,478
SynapseFI,SF Bay Area,Finance,63,0.48,2020-06-12,Series B,United States,50
Synergysuite,Salt Lake City,Food,5,0.07,2020-04-02,Series A,United States,6
Synlogic,Boston,Healthcare,,0.25,2022-12-01,Post-IPO,United States,321
Synthego,SF Bay Area,Healthcare,105,0.2,2022-11-18,Series E,United States,459
Taboola,New York City,Marketing,100,0.06,2022-09-13,Post-IPO,United States,445
Tackle,Boise,Other,,0.15,2023-02-15,Series C,United States,148
Talis Biomedical,SF Bay Area,Healthcare,,0.25,2022-03-15,Post-IPO,United States,8
Tally,SF Bay Area,Finance,28,0.23,2020-05-07,Series C,United States,92
Tamara Mellon,Los Angeles,Retail,20,0.4,2020-03-12,Series C,United States,90
TaskUs,Los Angeles,Support,52,0,2022-06-21,Post-IPO,United States,279
TCR2,Boston,Healthcare,,0.4,2023-01-05,Post-IPO,United States,173
TCR2,Boston,Healthcare,30,0.2,2022-08-31,Post-IPO,United States,173
TechTarget,Boston,Marketing,60,0.05,2022-12-08,Post-IPO,United States,115
Teladoc Health,New York City,Healthcare,300,0.06,2023-01-18,Post-IPO,United States,172
Teleport,SF Bay Area,Infrastructure,15,0.06,2022-07-01,Series C,United States,169
Tesla,Austin,Transportation,,0.1,2022-06-03,Post-IPO,United States,20200
Textio,Seattle,Recruiting,15,0.12,2023-04-03,Unknown,United States,42
Textio,Seattle,Recruiting,30,0.2,2020-03-27,Unknown,United States,41
The Athletic,SF Bay Area,Media,46,0.08,2020-06-05,Series D,United States,139
The Grommet,Boston,Retail,40,1,2022-06-09,Acquired,United States,5
The Guild,Austin,Travel,38,0.22,2020-03-23,Series B,United States,36
The Mom Project,Chicago,HR,54,0.15,2022-07-14,Series C,United States,115
The Predictive Index,Boston,HR,59,0.25,2020-04-02,Acquired,United States,65
The RealReal,SF Bay Area,Retail,230,0.07,2023-02-16,Post-IPO,United States,356
The RealReal,SF Bay Area,Retail,235,0.1,2020-04-14,Post-IPO,United States,358
The Sill,New York City,Retail,20,0.25,2020-05-28,Series A,United States,7
The Wing,New York City,Real Estate,,1,2022-08-31,Series C,United States,117
The Wing,New York City,Real Estate,,0.5,2020-04-03,Series C,United States,117
TheSkimm,New York City,Media,17,0.1,2023-02-01,Series C,United States,28
TheSkimm,New York City,Media,26,0.2,2020-05-01,Series C,United States,28
Thimble,New York City,Finance,20,0.33,2022-07-05,Series A,United States,28
ThirdLove,SF Bay Area,Retail,65,0.3,2020-04-02,Series B,United States,68
Thirty Madison,New York City,Healthcare,,0.1,2022-08-18,Series C,United States,209
Thoughtworks,Chicago,Other,500,0.04,2023-03-01,Post-IPO,United States,748
ThredUp,Chicago,Retail,,0.15,2022-08-15,Post-IPO,United States,305
Thumbtack,SF Bay Area,Consumer,160,0.14,2022-12-13,Series I,United States,698
Thumbtack,SF Bay Area,Consumer,250,0.3,2020-03-30,Series F,United States,423
Tidepool,SF Bay Area,Healthcare,18,0.4,2020-11-17,Unknown,United States,
TIFIN,Boulder,Crypto,24,0.1,2022-06-14,Series D,United States,204
Tilting Point,New York City,Consumer,60,0.14,2023-01-31,Unknown,United States,235
Tipalti,SF Bay Area,Finance,123,0.11,2023-01-11,Series F,United States,565
Toast,Boston,Food,1300,0.5,2020-04-07,Series F,United States,902
Tomo,Stamford,Finance,44,0.33,2022-05-31,Series A,United States,110
Tonal,SF Bay Area,Fitness,262,0.35,2022-07-13,Series E,United States,450
Tonkean,SF Bay Area,Other,23,0.23,2022-06-15,Series B,United States,83
Tor,Boston,Security,13,0.37,2020-04-17,Unknown,United States,1
Toucan,Los Angeles,Education,,1,2023-03-09,Series A,United States,
Transfix,New York City,Logistics,24,0.1,2020-04-29,Series D,United States,128
Transmit Security,Boston,Security,27,0.07,2022-07-05,Series A,United States,583
Tray.io,SF Bay Area,Data,,0.1,2022-06-21,Series C,United States,109
Treehouse,Portland,Education,41,0.9,2021-09-14,Series B,United States,12
Tricida,SF Bay Area,Healthcare,,0.57,2022-11-14,Post-IPO,United States,624
TripActions,SF Bay Area,Travel,300,0.25,2020-03-25,Series D,United States,981
TripAdvisor,Boston,Travel,900,0.25,2020-04-28,Post-IPO,United States,3
Tripbam,Dallas,Travel,10,0.25,2020-04-03,Unknown,United States,
Triplebyte,SF Bay Area,Recruiting,15,0.17,2020-03-23,Series B,United States,48
TripleLift,New York City,Marketing,100,0.2,2023-02-10,Acquired,United States,16
TripleLift,New York City,Marketing,23,0.07,2020-04-02,Series B,United States,16
TrueCar,Los Angeles,Transportation,219,0.3,2020-05-28,Post-IPO,United States,340
TrueLayer,London,Finance,40,0.1,2022-09-16,Series E,United States,271
Truepill,SF Bay Area,Healthcare,175,0.33,2022-08-11,Series D,United States,255
Truepill,SF Bay Area,Healthcare,150,0.15,2022-06-08,Series D,United States,255
Tufin,Boston,Security,55,0.1,2022-08-21,Acquired,United States,21
Turnitin,SF Bay Area,Education,51,0.05,2022-10-06,Acquired,United States,
Turntide,SF Bay Area,Energy,,0.2,2022-07-28,Unknown,United States,491
Turo,SF Bay Area,Transportation,108,0.3,2020-03-31,Series E,United States,467
TuSimple,San Diego,Transportation,350,0.25,2022-12-21,Post-IPO,United States,648
Twilio,SF Bay Area,Other,1500,0.17,2023-02-13,Post-IPO,United States,614
Twilio,SF Bay Area,Other,800,0.11,2022-09-14,Post-IPO,United States,614
TwinStrand,Seattle,Healthcare,,0.5,2022-10-05,Series B,United States,73
Twitter,SF Bay Area,Consumer,200,0.1,2023-02-25,Post-IPO,United States,12900
Twitter,SF Bay Area,Consumer,3700,0.5,2022-11-04,Post-IPO,United States,12900
Uber,SF Bay Area,Transportation,3000,0.13,2020-05-18,Post-IPO,United States,24700
Uber,SF Bay Area,Transportation,3700,0.14,2020-05-06,Post-IPO,United States,24700
Uber Freight,SF Bay Area,Logistics,150,0.03,2023-01-23,Subsidiary,United States,2700
Udacity,SF Bay Area,Education,55,0.13,2022-10-11,Unknown,United States,235
Udemy,SF Bay Area,Education,,0.1,2023-02-14,Post-IPO,United States,311
UiPath,New York City,Data,241,0.06,2022-11-15,Post-IPO,United States,2000
UiPath,New York City,Data,210,0.05,2022-06-27,Post-IPO,United States,2000
Unchained Capital,Austin,Crypto,,0.15,2022-11-18,Series A,United States,33
Uniphore,SF Bay Area,Support,76,0.1,2023-01-03,Series E,United States,620
Unison,SF Bay Area,Finance,89,0.45,2020-04-08,Series B,United States,40
Unity,SF Bay Area,Other,284,0.03,2023-01-17,Post-IPO,United States,1300
Unity,SF Bay Area,Other,200,0.04,2022-06-29,Post-IPO,United States,1300
Unstoppable Domains,SF Bay Area,Crypto,42,0.25,2022-07-14,Series B,United States,7
UPshow,Chicago,Marketing,19,0.3,2020-04-24,Series A,United States,7
Upstart,SF Bay Area,Finance,365,0.2,2023-01-31,Post-IPO,United States,144
Upstart,SF Bay Area,Finance,140,0.07,2022-11-01,Post-IPO,United States,144
Usermind,Seattle,Marketing,15,0.25,2020-04-01,Series C,United States,46
uShip,Austin,Logistics,65,0.37,2020-03-31,Series D,United States,69
Vacasa,Portland,Travel,1300,0.17,2023-01-24,Post-IPO,United States,834
Validity,Boston,Data,130,0.33,2020-05-06,Private Equity,United States,
Vanta,SF Bay Area,Security,,0.14,2022-12-08,Series B,United States,203
Varonis,New York City,Security,110,0.05,2022-11-06,Post-IPO,United States,30
Vedanta Biosciences,Boston,Healthcare,,0.2,2022-08-10,Series D,United States,301
Veev,SF Bay Area,Real Estate,100,0.3,2022-11-11,Series D,United States,597
Verbit,New York City,Data,80,0.1,2022-07-05,Series E,United States,569
Verily,SF Bay Area,Healthcare,250,0.15,2023-01-11,,United States,3500
Vesalius Therapeutics,Boston,Healthcare,29,0.43,2022-09-19,Series B,United States,75
Viant,Los Angeles,Marketing,46,0.13,2022-12-13,Post-IPO,United States,
Vibrent Health,Washington D.C.,Healthcare,,0.13,2023-02-23,Unknown,United States,
Vicarious Surgical,Boston,Healthcare,,0.14,2023-02-15,Post-IPO,United States,185
VideoAmp,Los Angeles,Marketing,,0.02,2022-09-19,Series F,United States,456
VideoAmp,Los Angeles,Marketing,21,0.1,2020-04-08,Series C,United States,106
View,SF Bay Area,Other,170,0.23,2023-04-03,Post-IPO,United States,2300
Vimeo,New York City,Consumer,,0.11,2023-01-04,Post-IPO,United States,450
Vimeo,New York City,Consumer,,0.06,2022-07-18,Post-IPO,United States,450
Virgin Hyperloop,Los Angeles,Transportation,111,0.5,2022-02-21,Unknown,United States,368
Voi,Stockholm,Transportation,130,0.13,2022-12-07,Series D,United States,515
Voi,Stockholm,Transportation,35,0.1,2022-06-22,Series D,United States,515
Volta,SF Bay Area,Transportation,,0.54,2022-10-21,Post-IPO,United States,575
Volta,SF Bay Area,Transportation,,0.1,2022-09-28,Post-IPO,United States,575
Vouch,SF Bay Area,Finance,15,0.07,2022-06-23,Series C,United States,159
Vox Media,Washington D.C.,Media,130,0.07,2023-01-20,Series F,United States,307
Vox Media,Washington D.C.,Media,39,0.02,2022-07-27,Series F,United States,307
Voyage SMS,Los Angeles,Marketing,8,0.13,2022-06-23,Unknown,United States,10
Vroom,New York City,Transportation,275,0.2,2023-01-18,Post-IPO,United States,1300
Vroom,New York City,Transportation,270,0.14,2022-05-09,Post-IPO,United States,1300
VSCO,SF Bay Area,Consumer,45,0.35,2020-04-14,Series B,United States,90
WalkMe,SF Bay Area,Other,43,0.03,2023-01-08,Post-IPO,United States,307
WanderJaunt,SF Bay Area,Travel,85,1,2022-07-01,Series B,United States,26
WanderJaunt,SF Bay Area,Travel,56,0.23,2020-03-25,Series B,United States,26
Wave Sports and Entertainment,Los Angeles,Media,56,0.33,2022-06-13,Series B,United States,65
Wavely,SF Bay Area,HR,,1,2022-11-10,Unknown,United States,
Wayfair,Boston,Retail,1750,0.1,2023-01-20,Post-IPO,United States,1700
Wayfair,Boston,Retail,870,0.05,2022-08-19,Post-IPO,United States,1700
Waymo,SF Bay Area,Transportation,209,0.08,2023-03-01,Subsidiary,United States,5500
Waze,SF Bay Area,Transportation,30,0.054,2020-09-09,Acquired,United States,67
Weedmaps,Los Angeles,Other,175,0.25,2022-12-06,Acquired,United States,
Weedmaps,Los Angeles,Other,,0.1,2022-08-04,Acquired,United States,
Weee!,SF Bay Area,Food,150,0.1,2022-06-15,Series E,United States,863
Welkin Health,SF Bay Area,Healthcare,10,0.33,2020-04-24,Series B,United States,29
Wheel,Austin,Healthcare,56,0.28,2023-02-01,Series C,United States,215
Wheel,Austin,Healthcare,35,0.17,2022-08-18,Series C,United States,215
When I Work,Minneapolis,HR,55,0.35,2020-04-22,Series B,United States,24
WHOOP,Boston,Fitness,,0.04,2023-01-10,Series F,United States,404
WHOOP,Boston,Fitness,95,0.15,2022-07-21,Series F,United States,404
WhyHotel,Washington D.C.,Travel,,0.5,2020-04-01,Series B,United States,33
Wish,SF Bay Area,Retail,150,0.17,2023-01-31,Post-IPO,United States,1600
Wish,SF Bay Area,Retail,190,0.15,2022-03-01,Post-IPO,United States,1600
Wonder,New York City,Food,130,0.07,2022-11-30,Series B,United States,850
Wonderschool,SF Bay Area,Education,50,0.75,2020-03-25,Series A,United States,24
Wonolo,SF Bay Area,Recruiting,46,0.13,2020-04-01,Series C,United States,52
Wordstream,Boston,Marketing,26,0.1,2020-04-06,Acquired,United States,28
Workable,Boston,Recruiting,25,0.1,2020-05-05,Series C,United States,84
Workato,SF Bay Area,Other,90,0.1,2023-02-01,Series E,United States,415
Workday,SF Bay Area,HR,525,0.03,2023-01-31,Post-IPO,United States,230
Workmotion,Berlin,HR,60,0.2,2022-12-15,Series B,United States,76
WorkRamp,SF Bay Area,HR,35,0.2,2022-09-15,Series C,United States,67
Worksmith,Austin,Retail,30,0.5,2020-11-09,Unknown,United States,3.8
Woven,Indianapolis,HR,5,0.15,2022-08-16,Series A,United States,11
Wyre,SF Bay Area,Crypto,,1,2023-01-04,Unknown,United States,29
Yahoo,SF Bay Area,Consumer,1600,0.2,2023-02-09,Acquired,United States,6
Yelp,SF Bay Area,Consumer,1000,0.17,2020-04-09,Post-IPO,United States,56
Yext,New York City,Marketing,,0.08,2023-01-23,Post-IPO,United States,117
Yotpo,New York City,Marketing,70,0.09,2022-11-16,Unknown,United States,436
Zak,Sao Paulo,Food,100,0.4,2022-05-16,Series A,United States,29
Zappos,Las Vegas,Retail,,0.04,2022-09-20,Acquired,United States,62
Zendesk,SF Bay Area,Support,350,0.05,2022-11-07,Acquired,United States,85
Zenefits,SF Bay Area,HR,87,0.15,2020-04-23,Series C,United States,583
ZenLedger,Seattle,Crypto,,0.1,2022-12-09,Series B,United States,25
Zenoti,Seattle,Fitness,17,0.04,2020-03-31,Series C,United States,91
Zeus Living,SF Bay Area,Real Estate,64,0.46,2022-10-20,Series C,United States,151
Zeus Living,SF Bay Area,Real Estate,73,0.5,2020-05-12,Series B,United States,79
Zeus Living,SF Bay Area,Real Estate,80,0.3,2020-03-24,Series B,United States,79
Zillow,Seattle,Real Estate,300,0.05,2022-10-26,Post-IPO,United States,97
Zillow,Seattle,Real Estate,2000,0.25,2021-11-02,Post-IPO,United States,97
Zipcar,Boston,Transportation,100,0.2,2020-03-27,Acquired,United States,107
ZipRecruiter,Los Angeles,Recruiting,400,0.39,2020-03-29,Series B,United States,219
Zola,New York City,Retail,,0.2,2020-04-08,Series D,United States,140
Zoom,SF Bay Area,Other,1300,0.15,2023-02-07,Post-IPO,United States,276
Zoox,SF Bay Area,Transportation,100,0.1,2020-04-13,Series B,United States,955
Zscaler,SF Bay Area,Security,177,0.03,2023-03-02,Post-IPO,United States,148
Zume,SF Bay Area,Food,200,0.67,2020-04-15,Unknown,United States,423
Zumper,SF Bay Area,Real Estate,45,0.15,2022-06-16,Series D,United States,178
Zuora,SF Bay Area,Finance,,0.11,2022-12-06,Post-IPO,United States,647
Zwift,Los Angeles,Fitness,80,0.15,2023-03-07,Series C,United States,619
Zymergen,SF Bay Area,Other,,0.1,2020-05-13,Series C,United States,574